,Product_Image,Product_Name,Product_Price,Product_Buy_Link
0,//img.ltwebstatic.com/images3_pi/2021/09/16/1631755982ea4e6ce5178db6880249c1b1b01a5227_thumbnail_405x552.webp,Jeans de pierna recta con estampado de fuego bajo crudo,"20,00€",https://es.shein.com/Fire-Print-Raw-Hem-Straight-Leg-Jeans-p-3926561-cat-1934.html?mallCode=1
1,//img.ltwebstatic.com/images3_pi/2022/08/24/166132485383b2f37223a79fccd1facc2c3afb1d88_thumbnail_405x552.webp,Jeans ajustados mom desgarro de talle alto,"15,99€
   
    18,00€",https://es.shein.com/High-Waist-Ripped-Mom-Fit-Jeans-p-11331718-cat-1934.html?mallCode=1
2,//img.ltwebstatic.com/images3_pi/2021/11/03/1635903205f2be1c32a30fda3af81ec99e8ac4bb62_thumbnail_405x552.webp,SHEIN PETITE Jeans de pierna recta de talle alto con estampado de letra desgarro,"17,49€
   
    20,00€",https://es.shein.com/SHEIN-PETITE-High-Waist-Letter-Graphic-Ripped-Straight-Leg-Jeans-p-10987220-cat-1934.html?mallCode=1
3,//img.ltwebstatic.com/images3_pi/2022/08/30/166185078247d6c614785959a31942308b2809443b_thumbnail_405x552.webp,Jeans con slogan con con estampado de Yin y Yang,"23,99€
   
    27,00€",https://es.shein.com/Slogan-and-Yin-Yang-Print-Jeans-p-11381991-cat-1934.html?mallCode=1
4,//img.ltwebstatic.com/images3_pi/2021/11/27/16379789451d3d6ad7ccd61a8917598e9d799332be_thumbnail_405x552.webp,Jeans ajustados con diseño roto,"19,49€
   
    22,00€",https://es.shein.com/Ripped-Detail-Skinny-Jeans-p-7820932-cat-1934.html?mallCode=1
5,//img.ltwebstatic.com/images3_pi/2022/10/27/1666836276a8558f71702bc66b977b46c4b4dccd2a_thumbnail_405x552.webp,DAZY Jeans de pierna recta con cremallera,"26,00€",https://es.shein.com/DAZY-Zipper-Fly-Straight-Leg-Jeans-p-11850885-cat-1934.html?mallCode=1
6,//img.ltwebstatic.com/images3_pi/2022/10/10/166539716180adc206f98db9449b8558c1e6d96520_thumbnail_405x552.webp,Jeans ajustados de cintura alta con cremallera,"20,49€
   
    23,00€",https://es.shein.com/Zipper-Fly-High-Waist-Skinny-Jeans-p-11669887-cat-1934.html?mallCode=1
7,//img.ltwebstatic.com/images3_pi/2021/07/09/1625799905dc9fb50e62862ddf9ac03f0fa600e1a0_thumbnail_405x552.webp,Jeans roto delgado con cremallera,"20,49€
   
    23,00€",https://es.shein.com/Ripped-Skinny-Zipper-Fly-Jeans-p-2889707-cat-1934.html?mallCode=1
8,//sheinsz.ltwebstatic.com/she_dist/images/bg-grey-ba96515e9b.png,Jeans ajustados desgarro ribete sin dobladillo,"19,49€
   
    22,00€",https://es.shein.com/Ripped-Raw-Cut-Skinny-Jeans-p-11653235-cat-1934.html?mallCode=1
9,//sheinsz.ltwebstatic.com/she_dist/images/bg-grey-ba96515e9b.png,DAZY Jeans de talle alto bajo con abertura de pierna ancha,"21,49€
   
    24,00€",https://es.shein.com/DAZY-High-Waist-Split-Hem-Wide-Leg-Jeans-p-11022690-cat-1934.html?mallCode=1
10,//sheinsz.ltwebstatic.com/she_dist/images/bg-grey-ba96515e9b.png,Jeans ajustados de talle alto con diseño de desgarro,"21,00€",https://es.shein.com/High-Waist-Ripped-Detail-Skinny-Jeans-p-3120644-cat-1934.html?mallCode=1
11,//sheinsz.ltwebstatic.com/she_dist/images/bg-grey-ba96515e9b.png,Jeans ajustados de cintura alta roto,"18,49€
   
    21,00€",https://es.shein.com/High-Waisted-Distressed-Skinny-Jeans-p-11141582-cat-1934.html?mallCode=1
12,//sheinsz.ltwebstatic.com/she_dist/images/bg-grey-ba96515e9b.png,SHEIN PETITE Jeans ajustados de talle alto con botón desgarro crudo,"18,49€
   
    21,00€",https://es.shein.com/SHEIN-PETITE-High-Waist-Single-Button-Ripped-Frayed-Skinny-Jeans-p-11269227-cat-1934.html?mallCode=1
13,//sheinsz.ltwebstatic.com/she_dist/images/bg-grey-ba96515e9b.png,Jeans de pierna recta con estampado de dibujos animados de cintura alta,"22,99€
   
    26,00€",https://es.shein.com/High-Waist-Cartoon-Graphic-Straight-Leg-Jeans-p-2293451-cat-1934.html?mallCode=1
14,//sheinsz.ltwebstatic.com/she_dist/images/bg-grey-ba96515e9b.png,Jeans ajustados de talle alto con diseño de desgarro,"17,49€
   
    20,00€",https://es.shein.com/High-Waist-Ripped-Detail-Skinny-Jeans-p-11550976-cat-1934.html?mallCode=1
15,//sheinsz.ltwebstatic.com/she_dist/images/bg-grey-ba96515e9b.png,SHEIN PETITE Jeans ajustados rasguño de gato ribete sin dobladillo,"15,99€
   
    18,00€",https://es.shein.com/SHEIN-PETITE-Cat-Scratch-Raw-Cut-Skinny-Jeans-p-11313831-cat-1934.html?mallCode=1
16,//sheinsz.ltwebstatic.com/she_dist/images/bg-grey-ba96515e9b.png,Jeans rotos con arte de línea de cara,"23,99€
   
    27,00€",https://es.shein.com/Face-Line-Art-Ripped-Jeans-p-2136695-cat-1934.html?mallCode=1
17,//sheinsz.ltwebstatic.com/she_dist/images/bg-grey-ba96515e9b.png,Jeans de pierna recta de talle alto,"24,00€",https://es.shein.com/High-Waist-Straight-Leg-Jeans-p-11984795-cat-1934.html?mallCode=1
18,//sheinsz.ltwebstatic.com/she_dist/images/bg-grey-ba96515e9b.png,Jeans ajustados desgarro de talle alto,"17,49€
   
    20,00€",https://es.shein.com/High-Waist-Ripped-Skinny-Jeans-p-10079166-cat-1934.html?mallCode=1
19,//sheinsz.ltwebstatic.com/she_dist/images/bg-grey-ba96515e9b.png,Jeans ajustados desgarro con abertura,"21,00€",https://es.shein.com/Ripped-Cut-Out-Skinny-Jeans-p-11770382-cat-1934.html?mallCode=1
20,//sheinsz.ltwebstatic.com/she_dist/images/bg-grey-ba96515e9b.png,SHEIN PETITE Jeans ajustados mom desgarro de talle alto,"19,49€
   
    22,00€",https://es.shein.com/SHEIN-PETITE-High-Waist-Ripped-Mom-Fit-Jeans-p-11468549-cat-1934.html?mallCode=1
21,//sheinsz.ltwebstatic.com/she_dist/images/bg-grey-ba96515e9b.png,SHEIN PETITE Jeans ajustados de talle alto,"15,99€
   
    18,00€",https://es.shein.com/SHEIN-PETITE-High-Waist-Skinny-Jeans-p-10900428-cat-1934.html?mallCode=1
22,//sheinsz.ltwebstatic.com/she_dist/images/bg-grey-ba96515e9b.png,SHEIN PETITE Jeans de ajuste mom de talle alto con cremallera,"21,49€
   
    24,00€",https://es.shein.com/SHEIN-PETITE-High-Waisted-Zip-Up-Mom-Fit-Jeans-p-4310801-cat-1934.html?mallCode=1
23,//sheinsz.ltwebstatic.com/she_dist/images/bg-grey-ba96515e9b.png,Jeans con bolsillo oblicuo de cintura alta,"20,49€
   
    23,00€",https://es.shein.com/High-Waist-High-Stretch-Slant-Pocket-Jeans-p-1218691-cat-1934.html?mallCode=1
24,//sheinsz.ltwebstatic.com/she_dist/images/bg-grey-ba96515e9b.png,SHEIN PETITE Jeans ajustados desgarro crudo,"14,99€
   
    17,00€",https://es.shein.com/SHEIN-PETITE-Ripped-Frayed-Skinny-Jeans-p-11249332-cat-1934.html?mallCode=1
25,//sheinsz.ltwebstatic.com/she_dist/images/bg-grey-ba96515e9b.png,Jeans ajustados de talle alto cremallera,"19,49€
   
    22,00€",https://es.shein.com/High-Waist-Zip-Fly-Skinny-Jeans-p-3074071-cat-1934.html?mallCode=1
26,//sheinsz.ltwebstatic.com/she_dist/images/bg-grey-ba96515e9b.png,Jeans con estampado de mariposa de pierna ancha,"21,99€
   
    25,00€",https://es.shein.com/Butterfly-Print-Wide-Leg-Jeans-p-3601326-cat-1934.html?mallCode=1
27,//sheinsz.ltwebstatic.com/she_dist/images/bg-grey-ba96515e9b.png,SHEIN Tall Jeans ajustados con bolsillo oblicuo,"20,49€
   
    23,00€",https://es.shein.com/SHEIN-Tall-Slant-Pocket-Skinny-Jeans-p-10499304-cat-1934.html?mallCode=1
28,//sheinsz.ltwebstatic.com/she_dist/images/bg-grey-ba96515e9b.png,Jeans ajustados desgarro con abertura,"21,00€",https://es.shein.com/Ripped-Cut-Out-Skinny-Jeans-p-11831517-cat-1934.html?mallCode=1
29,//sheinsz.ltwebstatic.com/she_dist/images/bg-grey-ba96515e9b.png,Jeans ajustados de talle alto ribete crudo,"15,99€
   
    18,00€",https://es.shein.com/High-Waist-Raw-Trim-Skinny-Jeans-p-10870685-cat-1934.html?mallCode=1
30,//sheinsz.ltwebstatic.com/she_dist/images/bg-grey-ba96515e9b.png,SHEIN BLUES Jeans ajustados de talle alto con estampado de paisley bajo crudo,"28,00€",https://es.shein.com/SHEIN-BLUES-High-Waist-Paisley-Print-Raw-Hem-Skinny-Jeans-p-11558318-cat-1934.html?mallCode=1
31,//sheinsz.ltwebstatic.com/she_dist/images/bg-grey-ba96515e9b.png,Jeans de talle alto delgado recortado,"13,99€
   
    16,00€",https://es.shein.com/High-Waist-Skinny-Cropped-Jeans-p-3382310-cat-1934.html?mallCode=1
32,//sheinsz.ltwebstatic.com/she_dist/images/bg-grey-ba96515e9b.png,SHEIN PETITE Jeans ajustados desgarro con abertura,"17,49€
   
    20,00€",https://es.shein.com/SHEIN-PETITE-Ripped-Cut-Out-Skinny-Jeans-p-10703309-cat-1934.html?mallCode=1
33,//sheinsz.ltwebstatic.com/she_dist/images/bg-grey-ba96515e9b.png,SHEIN PETITE Jeans ajustados desgarro con bolsillo oblicuo,"14,99€
   
    17,00€",https://es.shein.com/SHEIN-PETITE-Slant-Pocket-Ripped-Skinny-Jeans-p-11314076-cat-1934.html?mallCode=1
34,//sheinsz.ltwebstatic.com/she_dist/images/bg-grey-ba96515e9b.png,Jeans ajustados de talle alto con cremallera,"17,49€
   
    20,00€",https://es.shein.com/High-Waisted-Zip-Up-Skinny-Jeans-p-9954570-cat-1934.html?mallCode=1
35,//sheinsz.ltwebstatic.com/she_dist/images/bg-grey-ba96515e9b.png,Jeans ajustados desgarro de talle alto,"14,99€
   
    17,00€",https://es.shein.com/High-Waist-Ripped-Skinny-Jeans-p-9966390-cat-1934.html?mallCode=1
36,//sheinsz.ltwebstatic.com/she_dist/images/bg-grey-ba96515e9b.png,DAZY Jeans tipo boyfriend unicolor de talle alto,"22,99€
   
    26,00€",https://es.shein.com/DAZY-Solid-High-Waisted-Boyfriend-Jeans-p-11292588-cat-1934.html?mallCode=1
37,//sheinsz.ltwebstatic.com/she_dist/images/bg-grey-ba96515e9b.png,Jeans de talle alto delgado recortado,"15,49€",https://es.shein.com/High-Waist-Skinny-Cropped-Jeans-p-11912188-cat-1934.html?mallCode=1
38,//sheinsz.ltwebstatic.com/she_dist/images/bg-grey-ba96515e9b.png,Jeans de pierna recta de talle alto,"27,00€",https://es.shein.com/High-Waist-Straight-Leg-Jeans-p-11946774-cat-1934.html?mallCode=1
39,//sheinsz.ltwebstatic.com/she_dist/images/bg-grey-ba96515e9b.png,SHEIN SXY Jeans ajustados rotos de talle alto,"21,49€
   
    24,00€",https://es.shein.com/SHEIN-SXY-High-Waisted-Ripped-Skinny-Jeans-p-6281192-cat-1934.html?mallCode=1
40,//sheinsz.ltwebstatic.com/she_dist/images/bg-grey-ba96515e9b.png,SHEIN PETITE Jeans ajustados de talle alto bajo de doblez,"16,99€
   
    19,00€",https://es.shein.com/SHEIN-PETITE-High-Waist-Roll-Hem-Skinny-Jeans-p-8360197-cat-1934.html?mallCode=1
41,//sheinsz.ltwebstatic.com/she_dist/images/bg-grey-ba96515e9b.png,Jeans ajustados con diseño de desgarro,"21,00€",https://es.shein.com/Ripped-Detail-Skinny-Jeans-p-10093012-cat-1934.html?mallCode=1
42,//sheinsz.ltwebstatic.com/she_dist/images/bg-grey-ba96515e9b.png,SHEIN PETITE Jeans rotos unicolor de talle alto,"13,99€
   
    16,00€",https://es.shein.com/SHEIN-PETITE-Solid-High-Waist-Ripped-Jeans-p-4750632-cat-1934.html?mallCode=1
43,//sheinsz.ltwebstatic.com/she_dist/images/bg-grey-ba96515e9b.png,Jeans ajustados roto con cremallera,"17,49€
   
    20,00€",https://es.shein.com/Ripped-Zipper-Up-Skinny-Jeans-p-7952807-cat-1934.html?mallCode=1
44,//sheinsz.ltwebstatic.com/she_dist/images/bg-grey-ba96515e9b.png,Jeans ajustados de talle alto con lavado,"25,00€",https://es.shein.com/High-Waist-Bleach-Wash-Skinny-Jeans-p-10912860-cat-1934.html?mallCode=1
45,//sheinsz.ltwebstatic.com/she_dist/images/bg-grey-ba96515e9b.png,SHEIN PETITE Jeans ajustados de talle alto roto escalonado,"16,99€
   
    19,00€",https://es.shein.com/SHEIN-PETITE-High-Waist-Ladder-Distressed-Skinny-Jeans-p-10265728-cat-1934.html?mallCode=1
46,//sheinsz.ltwebstatic.com/she_dist/images/bg-grey-ba96515e9b.png,DAZY Jeans de talle alto de pierna ancha,"21,49€
   
    24,00€",https://es.shein.com/DAZY-High-Waist-Wide-Leg-Jeans-p-3343771-cat-1934.html?mallCode=1
47,//sheinsz.ltwebstatic.com/she_dist/images/bg-grey-ba96515e9b.png,Jeans ajustados desgarro bajo de doblez,"15,99€
   
    18,00€",https://es.shein.com/Ripped-Roll-Hem-Skinny-Jeans-p-11349035-cat-1934.html?mallCode=1
48,//sheinsz.ltwebstatic.com/she_dist/images/bg-grey-ba96515e9b.png,Jeans ajustados con bordado floral desgarro bajo crudo,"21,49€
   
    24,00€",https://es.shein.com/Floral-Embroidery-Ripped-Frayed-Hem-Skinny-Jeans-p-11433437-cat-1934.html?mallCode=1
49,//sheinsz.ltwebstatic.com/she_dist/images/bg-grey-ba96515e9b.png,Jeans ajustados de talle alto,"23,00€",https://es.shein.com/High-Waist-Skinny-Jeans-p-11946744-cat-1934.html?mallCode=1
50,//sheinsz.ltwebstatic.com/she_dist/images/bg-grey-ba96515e9b.png,Jeans ajustados con cinturón de cintura con volante,"23,00€",https://es.shein.com/Paperbag-Waist-Belted-Skinny-Jeans-p-1540474-cat-1934.html?mallCode=1
51,//sheinsz.ltwebstatic.com/she_dist/images/bg-grey-ba96515e9b.png,Jeans de talle alto bajo con abertura,"21,49€
   
    24,00€",https://es.shein.com/High-Waist-Split-Hem-Jeans-p-3279483-cat-1934.html?mallCode=1
52,//sheinsz.ltwebstatic.com/she_dist/images/bg-grey-ba96515e9b.png,Jeans rotos ajustados sin cinturón,"16,99€
   
    19,00€",https://es.shein.com/Ripped-Skinny-Jeans-Without-Belt-p-1185246-cat-1934.html?mallCode=1
53,//sheinsz.ltwebstatic.com/she_dist/images/bg-grey-ba96515e9b.png,Jeans de ajuste mom con diseño de parche,"20,00€",https://es.shein.com/Patched-Detail-Mom-Fit-Jeans-p-6519577-cat-1934.html?mallCode=1
54,//sheinsz.ltwebstatic.com/she_dist/images/bg-grey-ba96515e9b.png,Jeans con estampado de letra y figura con diseño de desgarro,"23,99€
   
    27,00€",https://es.shein.com/Letter-Figure-Graphic-Ripped-Detail-Jeans-p-2476921-cat-1934.html?mallCode=1
55,//sheinsz.ltwebstatic.com/she_dist/images/bg-grey-ba96515e9b.png,Jeans ajustados de talle alto,"20,00€",https://es.shein.com/High-Waist-Skinny-Jeans-p-11809070-cat-1934.html?mallCode=1
56,//sheinsz.ltwebstatic.com/she_dist/images/bg-grey-ba96515e9b.png,Jeans ajustados desgarro bajo crudo,"13,99€
   
    16,00€",https://es.shein.com/Ripped-Frayed-Hem-Skinny-Jeans-p-11037440-cat-1934.html?mallCode=1
57,//sheinsz.ltwebstatic.com/she_dist/images/bg-grey-ba96515e9b.png,Jeans ajustados rotos con lavado ácido,"19,49€
   
    22,00€",https://es.shein.com/Acid-Wash-High-Waisted-High-Stretch-Skinny-Jeans-p-939485-cat-1934.html?mallCode=1
58,//sheinsz.ltwebstatic.com/she_dist/images/bg-grey-ba96515e9b.png,Jeans con diseño de desgarro con mariposa,"21,99€
   
    25,00€",https://es.shein.com/Ripped-Detail-Butterfly-Jeans-p-11414769-cat-1934.html?mallCode=1
59,//sheinsz.ltwebstatic.com/she_dist/images/bg-grey-ba96515e9b.png,Jeans ajustados con lavado ligero con cremallera,"19,49€
   
    22,00€",https://es.shein.com/Zipper-Fly-Dark-Wash-Skinny-Jeans-p-1503905-cat-1934.html?mallCode=1
60,//sheinsz.ltwebstatic.com/she_dist/images/bg-grey-ba96515e9b.png,SHEIN Tall Jeans ajustados mom desgarro de talle alto,"16,99€
   
    19,00€",https://es.shein.com/SHEIN-Tall-High-Waist-Ripped-Mom-Fit-Jeans-p-11319162-cat-1934.html?mallCode=1
61,//sheinsz.ltwebstatic.com/she_dist/images/bg-grey-ba96515e9b.png,Jeans cónicos de talle alto desgarro sin cinturón,"21,99€
   
    25,00€",https://es.shein.com/High-Waist-Ripped-Tapered-Jeans-Without-Belt-p-11569768-cat-1934.html?mallCode=1
62,//sheinsz.ltwebstatic.com/she_dist/images/bg-grey-ba96515e9b.png,Jeans ajustados de talle alto con diseño de parche de letra con botón bajo con abertura,"16,99€
   
    19,00€",https://es.shein.com/High-Waist-Letter-Patched-Detail-Button-Fly-Split-Hem-Skinny-Jeans-p-11158502-cat-1934.html?mallCode=1
63,//sheinsz.ltwebstatic.com/she_dist/images/bg-grey-ba96515e9b.png,Jeans ajustados de talle alto,"15,99€
   
    18,00€",https://es.shein.com/High-Waist-Skinny-Jeans-p-9787550-cat-1934.html?mallCode=1
64,//sheinsz.ltwebstatic.com/she_dist/images/bg-grey-ba96515e9b.png,Shorts mezclilla desgarro bajo crudo,"13,00€",https://es.shein.com/Ripped-Raw-Hem-Denim-Shorts-p-10244374-cat-1935.html?mallCode=1
65,//sheinsz.ltwebstatic.com/she_dist/images/bg-grey-ba96515e9b.png,Jeans ajustados rotos de talle alto,"16,99€
   
    19,00€",https://es.shein.com/High-Waist-Ripped-Skinny-Jeans-p-10031940-cat-1934.html?mallCode=1
66,//sheinsz.ltwebstatic.com/she_dist/images/bg-grey-ba96515e9b.png,Jeans con estampado de letra y figura,"23,99€
   
    27,00€",https://es.shein.com/Letter-Figure-Graphic-Jeans-p-2788799-cat-1934.html?mallCode=1
67,//sheinsz.ltwebstatic.com/she_dist/images/bg-grey-ba96515e9b.png,Jeans ajustados mom desgarro de talle alto,"22,00€",https://es.shein.com/High-Waist-Ripped-Mom-Fit-Jeans-p-11770388-cat-1934.html?mallCode=1
68,//sheinsz.ltwebstatic.com/she_dist/images/bg-grey-ba96515e9b.png,Jeans ajustados unicolor de talle alto,"19,49€
   
    22,00€",https://es.shein.com/Solid-High-Waisted-Skinny-Jeans-p-10957025-cat-1934.html?mallCode=1
69,//sheinsz.ltwebstatic.com/she_dist/images/bg-grey-ba96515e9b.png,Jeans ajustados con abertura desgarro bajo crudo,"18,49€
   
    21,00€",https://es.shein.com/Cut-Out-Ripped-Raw-Hem-Skinny-Jeans-p-10904466-cat-1934.html?mallCode=1
70,//sheinsz.ltwebstatic.com/she_dist/images/bg-grey-ba96515e9b.png,Jeans ajustados de talle alto con lavado,"18,49€
   
    21,00€",https://es.shein.com/High-Waist-Bleach-Wash-Skinny-Jeans-p-10265756-cat-1934.html?mallCode=1
71,//sheinsz.ltwebstatic.com/she_dist/images/bg-grey-ba96515e9b.png,SHEIN Tall Jeans ajustados desgarro de talle alto,"19,49€
   
    22,00€",https://es.shein.com/SHEIN-Tall-High-Waist-Ripped-Skinny-Jeans-p-11174474-cat-1934.html?mallCode=1
72,//sheinsz.ltwebstatic.com/she_dist/images/bg-grey-ba96515e9b.png,Jeans ajustados de talle alto desgarro bajo crudo,"20,49€
   
    23,00€",https://es.shein.com/High-Waist-Ripped-Raw-Hem-Skinny-Jeans-p-11646070-cat-1934.html?mallCode=1
73,//sheinsz.ltwebstatic.com/she_dist/images/bg-grey-ba96515e9b.png,Jeans ajustados desgarro con cremallera,"21,49€
   
    24,00€",https://es.shein.com/Ripped-Zipper-Fly-Skinny-Jeans-p-11178499-cat-1934.html?mallCode=1
74,//sheinsz.ltwebstatic.com/she_dist/images/bg-grey-ba96515e9b.png,DAZY Jeans con patrón de rombo de pierna ancha sin cinturón,"21,49€
   
    24,00€",https://es.shein.com/DAZY-Argyle-Pattern-Wide-Leg-Jeans-Without-Belt-p-11162572-cat-1934.html?mallCode=1
75,//sheinsz.ltwebstatic.com/she_dist/images/bg-grey-ba96515e9b.png,Jeans de talle alto con estampado de dibujos animados de pierna ancha,"23,99€
   
    27,00€",https://es.shein.com/High-Waist-Cartoon-Graphic-Wide-Leg-Jeans-p-11158380-cat-1934.html?mallCode=1
76,//sheinsz.ltwebstatic.com/she_dist/images/bg-grey-ba96515e9b.png,SHEIN PETITE Jeans ajustados de talle alto con abertura desgarro crudo,"21,00€",https://es.shein.com/SHEIN-PETITE-High-Waist-Cut-Out-Ripped-Frayed-Skinny-Jeans-p-11240305-cat-1934.html?mallCode=1
77,//sheinsz.ltwebstatic.com/she_dist/images/bg-grey-ba96515e9b.png,Jeans de pierna recta de talle alto desgarro,"25,00€",https://es.shein.com/High-Waist-Ripped-Straight-Leg-Jeans-p-8836777-cat-1934.html?mallCode=1
78,//sheinsz.ltwebstatic.com/she_dist/images/bg-grey-ba96515e9b.png,SHEIN PETITE Jeans de ajuste mom de talle alto unicolor,"15,99€
   
    18,00€",https://es.shein.com/SHEIN-PETITE-High-Waist-Solid-Mom-Fit-Jeans-p-4659847-cat-1934.html?mallCode=1
79,//sheinsz.ltwebstatic.com/she_dist/images/bg-grey-ba96515e9b.png,SHEIN Tall Jeans de ajuste mom de cintura con volante bajo de doblez,"17,49€
   
    20,00€",https://es.shein.com/SHEIN-Tall-Paperbag-Waist-Roll-Hem-Mom-Fit-Jeans-p-11154005-cat-1934.html?mallCode=1
80,//sheinsz.ltwebstatic.com/she_dist/images/bg-grey-ba96515e9b.png,Jeans rotos de pierna ancha de talle alto,"21,99€
   
    25,00€",https://es.shein.com/High-Waist-Ripped-Wide-Leg-Jeans-p-6568642-cat-1934.html?mallCode=1
81,//sheinsz.ltwebstatic.com/she_dist/images/bg-grey-ba96515e9b.png,Jeans ajustados de talle alto con cremallera,"16,99€
   
    19,00€",https://es.shein.com/High-Waisted-Zip-Up-Skinny-Jeans-p-9513627-cat-1934.html?mallCode=1
82,//sheinsz.ltwebstatic.com/she_dist/images/bg-grey-ba96515e9b.png,ROMWE Fairycore Jeans con bordado de seta de pierna ancha,"24,99€
   
    28,00€",https://es.shein.com/ROMWE-Fairycore-Mushroom-Embroidery-Wide-Leg-Jeans-p-11460090-cat-1934.html?mallCode=1
83,//sheinsz.ltwebstatic.com/she_dist/images/bg-grey-ba96515e9b.png,Jeans ajustados desgarro con botón,"18,49€
   
    21,00€",https://es.shein.com/Button-Fly-Ripped-Skinny-Jeans-p-6857937-cat-1934.html?mallCode=1
84,//sheinsz.ltwebstatic.com/she_dist/images/bg-grey-ba96515e9b.png,Jeans ajustados de talle alto desgarro con ojal con diseño de hebilla,"21,99€
   
    25,00€",https://es.shein.com/High-Waist-Ripped-Eyelet-Buckled-Detail-Skinny-Jeans-p-10967564-cat-1934.html?mallCode=1
85,//sheinsz.ltwebstatic.com/she_dist/images/bg-grey-ba96515e9b.png,Jeans de pierna ancha con diseño roto con cremallera,"22,99€
   
    26,00€",https://es.shein.com/Zipper-Fly-Ripped-Detail-Wide-Leg-Jeans-p-2694951-cat-1934.html?mallCode=1
86,//sheinsz.ltwebstatic.com/she_dist/images/bg-grey-ba96515e9b.png,Jeans rectos de talle alto con estampado de slogan,"24,99€
   
    28,00€",https://es.shein.com/High-Waist-Slogan-Graphic-Straight-Jeans-p-2166401-cat-1934.html?mallCode=1
87,//sheinsz.ltwebstatic.com/she_dist/images/bg-grey-ba96515e9b.png,Jeans rotos de pierna ancha con estampado de dibujo,"22,99€
   
    26,00€",https://es.shein.com/Cartoon-Face-Graphic-Ripped-Wide-Leg-Jeans-p-10156947-cat-1934.html?mallCode=1
88,//sheinsz.ltwebstatic.com/she_dist/images/bg-grey-ba96515e9b.png,SHEIN PETITE Jeans bajo crudo de talle alto,"15,99€
   
    18,00€",https://es.shein.com/SHEIN-PETITE-Raw-Hem-High-Waist-Jeans-p-6508982-cat-1934.html?mallCode=1
89,//sheinsz.ltwebstatic.com/she_dist/images/bg-grey-ba96515e9b.png,Jeans ajustados de cintura con cordón con bolsillo oblicuo,"20,49€
   
    23,00€",https://es.shein.com/Slant-Pocket-Drawstring-Waist-Skinny-Jeans-p-11658677-cat-1934.html?mallCode=1
90,//sheinsz.ltwebstatic.com/she_dist/images/bg-grey-ba96515e9b.png,Pantalones de pierna ancha de talle alto con diseño de parche,"21,49€
   
    24,00€",https://es.shein.com/High-Waist-Patched-Detail-Wide-Leg-Pants-p-3365783-cat-1934.html?mallCode=1
91,//sheinsz.ltwebstatic.com/she_dist/images/bg-grey-ba96515e9b.png,Jeans de pierna ancha con bolsillo con solapa con diseño de parche,"28,49€
   
    32,00€",https://es.shein.com/Patched-Detail-Flap-Pocket-Wide-Leg-Jeans-p-3279533-cat-1934.html?mallCode=1
92,//sheinsz.ltwebstatic.com/she_dist/images/bg-grey-ba96515e9b.png,Jeans de pierna ancha bajo crudo de cintura alta,"17,49€
   
    20,00€",https://es.shein.com/High-Waist-Raw-Hem-Wide-Leg-Jeans-p-2544385-cat-1934.html?mallCode=1
93,//sheinsz.ltwebstatic.com/she_dist/images/bg-grey-ba96515e9b.png,Jeans ajustados de talle alto roto bajo crudo,"17,49€
   
    20,00€",https://es.shein.com/High-Waist-Ripped-Raw-Hem-Skinny-Jeans-p-3421960-cat-1934.html?mallCode=1
94,//sheinsz.ltwebstatic.com/she_dist/images/bg-grey-ba96515e9b.png,Jeans joggers de talle alto con estampado de letra,"24,99€
   
    28,00€",https://es.shein.com/High-Waisted-Letter-Graphic-Jogger-Jeans-p-11669814-cat-1934.html?mallCode=1
95,//sheinsz.ltwebstatic.com/she_dist/images/bg-grey-ba96515e9b.png,Jeans ajustados de talle alto bajo de doblez,"19,49€
   
    22,00€",https://es.shein.com/High-Waist-Roll-Up-Hem-Skinny-Jeans-p-10874553-cat-1934.html?mallCode=1
96,//sheinsz.ltwebstatic.com/she_dist/images/bg-grey-ba96515e9b.png,Jeans de pierna ancha con bolsillo oblicuo,"17,99€
   
    20,49€",https://es.shein.com/Wide-Leg-Slant-Pocket-Jeans-p-11177575-cat-1934.html?mallCode=1
97,//sheinsz.ltwebstatic.com/she_dist/images/bg-grey-ba96515e9b.png,SHEIN PETITE Jeans unicolor bajo crudo,"17,49€
   
    20,00€",https://es.shein.com/SHEIN-PETITE-Solid-Raw-Hem-Jeans-p-10619929-cat-1934.html?mallCode=1
98,//sheinsz.ltwebstatic.com/she_dist/images/bg-grey-ba96515e9b.png,Jeans de pierna recta en contraste con puntada,"21,99€
   
    25,00€",https://es.shein.com/Contrast-Top-stitching-Straight-Leg-Jeans-p-10970179-cat-1934.html?mallCode=1
99,//sheinsz.ltwebstatic.com/she_dist/images/bg-grey-ba96515e9b.png,Jeans de ajuste mom con diseño de parche,"23,99€
   
    27,00€",https://es.shein.com/Patch-Detail-Mom-Fit-Jeans-p-8216737-cat-1934.html?mallCode=1
100,//sheinsz.ltwebstatic.com/she_dist/images/bg-grey-ba96515e9b.png,SHEIN Jeans ajustados con lavado descolorido,"18,49€
   
    21,00€",https://es.shein.com/SHEIN-Bleach-Wash-High-Stretch-Skinny-Jeans-p-664981-cat-1934.html?mallCode=1
101,//sheinsz.ltwebstatic.com/she_dist/images/bg-grey-ba96515e9b.png,Jeans ajustados de cintura con cordón con bolsillo con solapa,"20,49€
   
    23,00€",https://es.shein.com/Drawstring-Waist-Flap-Pocket-Skinny-Jeans-p-10832539-cat-1934.html?mallCode=1
102,//sheinsz.ltwebstatic.com/she_dist/images/bg-grey-ba96515e9b.png,Jeans de talle alto de pierna ancha,"21,99€
   
    25,00€",https://es.shein.com/High-Waist-Wide-Leg-Jeans-p-2667523-cat-1934.html?mallCode=1
103,//sheinsz.ltwebstatic.com/she_dist/images/bg-grey-ba96515e9b.png,Jeans ajustados rotos de talle alto,"18,49€
   
    21,00€",https://es.shein.com/High-Waist-Ripped-Skinny-Jeans-p-4942042-cat-1934.html?mallCode=1
104,//sheinsz.ltwebstatic.com/she_dist/images/bg-grey-ba96515e9b.png,Jeans desgarro de talle alto de pierna recta,"21,49€
   
    24,00€",https://es.shein.com/High-Waist-Straight-Leg-Ripped-Jeans-p-11076700-cat-1934.html?mallCode=1
105,//sheinsz.ltwebstatic.com/she_dist/images/bg-grey-ba96515e9b.png,SHEIN PETITE Jeans ajustados con botón,"16,99€
   
    19,00€",https://es.shein.com/SHEIN-PETITE-Button-Fly-Skinny-Jeans-p-10734455-cat-1934.html?mallCode=1
106,//sheinsz.ltwebstatic.com/she_dist/images/bg-grey-ba96515e9b.png,Jeans ajustados desgarro con estiramiento alto bajo crudo,"19,49€
   
    22,00€",https://es.shein.com/High-Stretch-Raw-Hem-Ripped-Skinny-Jeans-p-10244545-cat-1934.html?mallCode=1
107,//sheinsz.ltwebstatic.com/she_dist/images/bg-grey-ba96515e9b.png,Jeans ajustados unicolor con parche,"13,99€
   
    16,00€",https://es.shein.com/Solid-Patched-Skinny-Jeans-p-6346087-cat-1934.html?mallCode=1
108,//sheinsz.ltwebstatic.com/she_dist/images/bg-grey-ba96515e9b.png,ROMWE Street Life Jeans de pierna ancha,"21,49€
   
    24,00€",https://es.shein.com/ROMWE-Street-Life-Wide-Leg-Jeans-p-10749938-cat-1934.html?mallCode=1
109,//sheinsz.ltwebstatic.com/she_dist/images/bg-grey-ba96515e9b.png,Jeans de pierna recta bajo crudo de cintura alta,"17,49€
   
    20,00€",https://es.shein.com/High-Waist-Raw-Hem-Straight-Leg-Jeans-p-2293428-cat-1934.html?mallCode=1
110,//sheinsz.ltwebstatic.com/she_dist/images/bg-grey-ba96515e9b.png,Jeans ajustados con lavado oscuro de cintura alta con estiramiento alto,"18,49€
   
    21,00€",https://es.shein.com/Dark-Wash-High-Waisted-High-Stretch-Skinny-Jeans-p-3346122-cat-1934.html?mallCode=1
111,//sheinsz.ltwebstatic.com/she_dist/images/bg-grey-ba96515e9b.png,Jeans cortos rotos de cintura alta,"17,49€
   
    20,00€",https://es.shein.com/High-Waist-Ripped-Crop-Jeans-p-2074387-cat-1934.html?mallCode=1
112,//sheinsz.ltwebstatic.com/she_dist/images/bg-grey-ba96515e9b.png,Jeans de ajuste mom de talle alto con fruncido,"21,99€
   
    25,00€",https://es.shein.com/High-Waist-Fold-Pleated-Mom-Fit-Jeans-p-9942940-cat-1934.html?mallCode=1
113,//sheinsz.ltwebstatic.com/she_dist/images/bg-grey-ba96515e9b.png,Jeans de ajuste mom de talle alto,"14,99€",https://es.shein.com/High-Waist-Mom-Fit-Jeans-p-11948849-cat-1934.html?mallCode=1
114,//sheinsz.ltwebstatic.com/she_dist/images/bg-grey-ba96515e9b.png,SHEIN SXY X Kimberly Loaiza Jeans de talle alto con estampado de letra de pierna ancha,"28,00€",https://es.shein.com/SHEIN-SXY-X-Kimberly-Loaiza-High-Waist-Letter-Graphic-Wide-Leg-Jeans-p-9200702-cat-1934.html?mallCode=1
115,//sheinsz.ltwebstatic.com/she_dist/images/bg-grey-ba96515e9b.png,Jeans ajustados desgarro bajo crudo con lavado de cintura con volante,"21,49€
   
    24,00€",https://es.shein.com/Ripped-Frayed-Hem-Bleach-Wash-Paperbag-Waist-Skinny-Jeans-p-11646248-cat-1934.html?mallCode=1
116,//sheinsz.ltwebstatic.com/she_dist/images/bg-grey-ba96515e9b.png,SHEIN PETITE Jeans de pierna recta de talle alto con estampado de figura roto,"21,99€
   
    25,00€",https://es.shein.com/SHEIN-PETITE-High-Waist-Figure-Graphic-Ripped-Straight-Leg-Jeans-p-3771786-cat-1934.html?mallCode=1
117,//sheinsz.ltwebstatic.com/she_dist/images/bg-grey-ba96515e9b.png,Jeans ajustados desgarro con bolsillo oblicuo,"16,99€
   
    19,00€",https://es.shein.com/Slant-Pocket-Ripped-Skinny-Jeans-p-10900661-cat-1934.html?mallCode=1
118,//sheinsz.ltwebstatic.com/she_dist/images/bg-grey-ba96515e9b.png,DAZY Jeans de pierna recta de talle alto con bordado floral,"21,99€
   
    25,00€",https://es.shein.com/DAZY-High-Waist-Floral-Embroidered-Straight-Leg-Jeans-p-10646612-cat-1934.html?mallCode=1
119,//sheinsz.ltwebstatic.com/she_dist/images/bg-grey-ba96515e9b.png,SHEIN SXY Jeans ajustados con botones,"19,49€
   
    22,00€",https://es.shein.com/SHEIN-SXY-Double-Breasted-Skinny-Jeans-p-3401531-cat-1934.html?mallCode=1
